country_id,Source
498,"Food and Agriculture Organization of the United Nations (FAO). 2022. FAOSTAT Climate Change, Climate Indicators, Temperature change. License: CC BY-NC-SA 3.0 IGO. Extracted from: https://www.fao.org/faostat/en/#data/ET. Accessed on 2023-03-28."
253,"Food and Agriculture Organization of the United Nations (FAO). 2022. FAOSTAT Climate Change, Climate Indicators, Temperature change. License: CC BY-NC-SA 3.0 IGO. Extracted from: https://www.fao.org/faostat/en/#data/ET. Accessed on 2023-03-28."
226,"Food and Agriculture Organization of the United Nations (FAO). 2022. FAOSTAT Climate Change, Climate Indicators, Temperature change. License: CC BY-NC-SA 3.0 IGO. Extracted from: https://www.fao.org/faostat/en/#data/ET. Accessed on 2023-03-28."
194,"Food and Agriculture Organization of the United Nations (FAO). 2022. FAOSTAT Climate Change, Climate Indicators, Temperature change. License: CC BY-NC-SA 3.0 IGO. Extracted from: https://www.fao.org/faostat/en/#data/ET. Accessed on 2023-03-28."
215,"Food and Agriculture Organization of the United Nations (FAO). 2022. FAOSTAT Climate Change, Climate Indicators, Temperature change. License: CC BY-NC-SA 3.0 IGO. Extracted from: https://www.fao.org/faostat/en/#data/ET. Accessed on 2023-03-28."
343,"Food and Agriculture Organization of the United Nations (FAO). 2022. FAOSTAT Climate Change, Climate Indicators, Temperature change. License: CC BY-NC-SA 3.0 IGO. Extracted from: https://www.fao.org/faostat/en/#data/ET. Accessed on 2023-03-28."
971,"Food and Agriculture Organization of the United Nations (FAO). 2022. FAOSTAT Climate Change, Climate Indicators, Temperature change. License: CC BY-NC-SA 3.0 IGO. Extracted from: https://www.fao.org/faostat/en/#data/ET. Accessed on 2023-03-28."
17,"Food and Agriculture Organization of the United Nations (FAO). 2022. FAOSTAT Climate Change, Climate Indicators, Temperature change. License: CC BY-NC-SA 3.0 IGO. Extracted from: https://www.fao.org/faostat/en/#data/ET. Accessed on 2023-03-28."
273,"Food and Agriculture Organization of the United Nations (FAO). 2022. FAOSTAT Climate Change, Climate Indicators, Temperature change. License: CC BY-NC-SA 3.0 IGO. Extracted from: https://www.fao.org/faostat/en/#data/ET. Accessed on 2023-03-28."
488,"Food and Agriculture Organization of the United Nations (FAO). 2022. FAOSTAT Climate Change, Climate Indicators, Temperature change. License: CC BY-NC-SA 3.0 IGO. Extracted from: https://www.fao.org/faostat/en/#data/ET. Accessed on 2023-03-28."
590,"Food and Agriculture Organization of the United Nations (FAO). 2022. FAOSTAT Climate Change, Climate Indicators, Temperature change. License: CC BY-NC-SA 3.0 IGO. Extracted from: https://www.fao.org/faostat/en/#data/ET. Accessed on 2023-03-28."
70,"Food and Agriculture Organization of the United Nations (FAO). 2022. FAOSTAT Climate Change, Climate Indicators, Temperature change. License: CC BY-NC-SA 3.0 IGO. Extracted from: https://www.fao.org/faostat/en/#data/ET. Accessed on 2023-03-28."
911,"Food and Agriculture Organization of the United Nations (FAO). 2022. FAOSTAT Climate Change, Climate Indicators, Temperature change. License: CC BY-NC-SA 3.0 IGO. Extracted from: https://www.fao.org/faostat/en/#data/ET. Accessed on 2023-03-28."
818,"Food and Agriculture Organization of the United Nations (FAO). 2022. FAOSTAT Climate Change, Climate Indicators, Temperature change. License: CC BY-NC-SA 3.0 IGO. Extracted from: https://www.fao.org/faostat/en/#data/ET. Accessed on 2023-03-28."
344,"Food and Agriculture Organization of the United Nations (FAO). 2022. FAOSTAT Climate Change, Climate Indicators, Temperature change. License: CC BY-NC-SA 3.0 IGO. Extracted from: https://www.fao.org/faostat/en/#data/ET. Accessed on 2023-03-28."
874,"Food and Agriculture Organization of the United Nations (FAO). 2022. FAOSTAT Climate Change, Climate Indicators, Temperature change. License: CC BY-NC-SA 3.0 IGO. Extracted from: https://www.fao.org/faostat/en/#data/ET. Accessed on 2023-03-28."
489,"Food and Agriculture Organization of the United Nations (FAO). 2022. FAOSTAT Climate Change, Climate Indicators, Temperature change. License: CC BY-NC-SA 3.0 IGO. Extracted from: https://www.fao.org/faostat/en/#data/ET. Accessed on 2023-03-28."
924,"Food and Agriculture Organization of the United Nations (FAO). 2022. FAOSTAT Climate Change, Climate Indicators, Temperature change. License: CC BY-NC-SA 3.0 IGO. Extracted from: https://www.fao.org/faostat/en/#data/ET. Accessed on 2023-03-28."
582,"Food and Agriculture Organization of the United Nations (FAO). 2022. FAOSTAT Climate Change, Climate Indicators, Temperature change. License: CC BY-NC-SA 3.0 IGO. Extracted from: https://www.fao.org/faostat/en/#data/ET. Accessed on 2023-03-28."
716,"Food and Agriculture Organization of the United Nations (FAO). 2022. FAOSTAT Climate Change, Climate Indicators, Temperature change. License: CC BY-NC-SA 3.0 IGO. Extracted from: https://www.fao.org/faostat/en/#data/ET. Accessed on 2023-03-28."
313,"Food and Agriculture Organization of the United Nations (FAO). 2022. FAOSTAT Climate Change, Climate Indicators, Temperature change. License: CC BY-NC-SA 3.0 IGO. Extracted from: https://www.fao.org/faostat/en/#data/ET. Accessed on 2023-03-28."
106,"Food and Agriculture Organization of the United Nations (FAO). 2022. FAOSTAT Climate Change, Climate Indicators, Temperature change. License: CC BY-NC-SA 3.0 IGO. Extracted from: https://www.fao.org/faostat/en/#data/ET. Accessed on 2023-03-28."
554,"Food and Agriculture Organization of the United Nations (FAO). 2022. FAOSTAT Climate Change, Climate Indicators, Temperature change. License: CC BY-NC-SA 3.0 IGO. Extracted from: https://www.fao.org/faostat/en/#data/ET. Accessed on 2023-03-28."
466,"Food and Agriculture Organization of the United Nations (FAO). 2022. FAOSTAT Climate Change, Climate Indicators, Temperature change. License: CC BY-NC-SA 3.0 IGO. Extracted from: https://www.fao.org/faostat/en/#data/ET. Accessed on 2023-03-28."
883,"Food and Agriculture Organization of the United Nations (FAO). 2022. FAOSTAT Climate Change, Climate Indicators, Temperature change. License: CC BY-NC-SA 3.0 IGO. Extracted from: https://www.fao.org/faostat/en/#data/ET. Accessed on 2023-03-28."
411,"Food and Agriculture Organization of the United Nations (FAO). 2022. FAOSTAT Climate Change, Climate Indicators, Temperature change. License: CC BY-NC-SA 3.0 IGO. Extracted from: https://www.fao.org/faostat/en/#data/ET. Accessed on 2023-03-28."
349,"Food and Agriculture Organization of the United Nations (FAO). 2022. FAOSTAT Climate Change, Climate Indicators, Temperature change. License: CC BY-NC-SA 3.0 IGO. Extracted from: https://www.fao.org/faostat/en/#data/ET. Accessed on 2023-03-28."
632,"Food and Agriculture Organization of the United Nations (FAO). 2022. FAOSTAT Climate Change, Climate Indicators, Temperature change. License: CC BY-NC-SA 3.0 IGO. Extracted from: https://www.fao.org/faostat/en/#data/ET. Accessed on 2023-03-28."
568,"Food and Agriculture Organization of the United Nations (FAO). 2022. FAOSTAT Climate Change, Climate Indicators, Temperature change. License: CC BY-NC-SA 3.0 IGO. Extracted from: https://www.fao.org/faostat/en/#data/ET. Accessed on 2023-03-28."
167,"Food and Agriculture Organization of the United Nations (FAO). 2022. FAOSTAT Climate Change, Climate Indicators, Temperature change. License: CC BY-NC-SA 3.0 IGO. Extracted from: https://www.fao.org/faostat/en/#data/ET. Accessed on 2023-03-28."
188,"Food and Agriculture Organization of the United Nations (FAO). 2022. FAOSTAT Climate Change, Climate Indicators, Temperature change. License: CC BY-NC-SA 3.0 IGO. Extracted from: https://www.fao.org/faostat/en/#data/ET. Accessed on 2023-03-28."
506,"Food and Agriculture Organization of the United Nations (FAO). 2022. FAOSTAT Climate Change, Climate Indicators, Temperature change. License: CC BY-NC-SA 3.0 IGO. Extracted from: https://www.fao.org/faostat/en/#data/ET. Accessed on 2023-03-28."
394,"Food and Agriculture Organization of the United Nations (FAO). 2022. FAOSTAT Climate Change, Climate Indicators, Temperature change. License: CC BY-NC-SA 3.0 IGO. Extracted from: https://www.fao.org/faostat/en/#data/ET. Accessed on 2023-03-28."
934,"Food and Agriculture Organization of the United Nations (FAO). 2022. FAOSTAT Climate Change, Climate Indicators, Temperature change. License: CC BY-NC-SA 3.0 IGO. Extracted from: https://www.fao.org/faostat/en/#data/ET. Accessed on 2023-03-28."
525,"Food and Agriculture Organization of the United Nations (FAO). 2022. FAOSTAT Climate Change, Climate Indicators, Temperature change. License: CC BY-NC-SA 3.0 IGO. Extracted from: https://www.fao.org/faostat/en/#data/ET. Accessed on 2023-03-28."
257,"Food and Agriculture Organization of the United Nations (FAO). 2022. FAOSTAT Climate Change, Climate Indicators, Temperature change. License: CC BY-NC-SA 3.0 IGO. Extracted from: https://www.fao.org/faostat/en/#data/ET. Accessed on 2023-03-28."
929,"Food and Agriculture Organization of the United Nations (FAO). 2022. FAOSTAT Climate Change, Climate Indicators, Temperature change. License: CC BY-NC-SA 3.0 IGO. Extracted from: https://www.fao.org/faostat/en/#data/ET. Accessed on 2023-03-28."
379,"Food and Agriculture Organization of the United Nations (FAO). 2022. FAOSTAT Climate Change, Climate Indicators, Temperature change. License: CC BY-NC-SA 3.0 IGO. Extracted from: https://www.fao.org/faostat/en/#data/ET. Accessed on 2023-03-28."
667,"Food and Agriculture Organization of the United Nations (FAO). 2022. FAOSTAT Climate Change, Climate Indicators, Temperature change. License: CC BY-NC-SA 3.0 IGO. Extracted from: https://www.fao.org/faostat/en/#data/ET. Accessed on 2023-03-28."
398,"Food and Agriculture Organization of the United Nations (FAO). 2022. FAOSTAT Climate Change, Climate Indicators, Temperature change. License: CC BY-NC-SA 3.0 IGO. Extracted from: https://www.fao.org/faostat/en/#data/ET. Accessed on 2023-03-28."
728,"Food and Agriculture Organization of the United Nations (FAO). 2022. FAOSTAT Climate Change, Climate Indicators, Temperature change. License: CC BY-NC-SA 3.0 IGO. Extracted from: https://www.fao.org/faostat/en/#data/ET. Accessed on 2023-03-28."
929,"Food and Agriculture Organization of the United Nations (FAO). 2022. FAOSTAT Climate Change, Climate Indicators, Temperature change. License: CC BY-NC-SA 3.0 IGO. Extracted from: https://www.fao.org/faostat/en/#data/ET. Accessed on 2023-03-28."
100,"Food and Agriculture Organization of the United Nations (FAO). 2022. FAOSTAT Climate Change, Climate Indicators, Temperature change. License: CC BY-NC-SA 3.0 IGO. Extracted from: https://www.fao.org/faostat/en/#data/ET. Accessed on 2023-03-28."
830,"Food and Agriculture Organization of the United Nations (FAO). 2022. FAOSTAT Climate Change, Climate Indicators, Temperature change. License: CC BY-NC-SA 3.0 IGO. Extracted from: https://www.fao.org/faostat/en/#data/ET. Accessed on 2023-03-28."
942,"Food and Agriculture Organization of the United Nations (FAO). 2022. FAOSTAT Climate Change, Climate Indicators, Temperature change. License: CC BY-NC-SA 3.0 IGO. Extracted from: https://www.fao.org/faostat/en/#data/ET. Accessed on 2023-03-28."
560,"Food and Agriculture Organization of the United Nations (FAO). 2022. FAOSTAT Climate Change, Climate Indicators, Temperature change. License: CC BY-NC-SA 3.0 IGO. Extracted from: https://www.fao.org/faostat/en/#data/ET. Accessed on 2023-03-28."
874,"Food and Agriculture Organization of the United Nations (FAO). 2022. FAOSTAT Climate Change, Climate Indicators, Temperature change. License: CC BY-NC-SA 3.0 IGO. Extracted from: https://www.fao.org/faostat/en/#data/ET. Accessed on 2023-03-28."
559,"Food and Agriculture Organization of the United Nations (FAO). 2022. FAOSTAT Climate Change, Climate Indicators, Temperature change. License: CC BY-NC-SA 3.0 IGO. Extracted from: https://www.fao.org/faostat/en/#data/ET. Accessed on 2023-03-28."
173,"Food and Agriculture Organization of the United Nations (FAO). 2022. FAOSTAT Climate Change, Climate Indicators, Temperature change. License: CC BY-NC-SA 3.0 IGO. Extracted from: https://www.fao.org/faostat/en/#data/ET. Accessed on 2023-03-28."
91,"Food and Agriculture Organization of the United Nations (FAO). 2022. FAOSTAT Climate Change, Climate Indicators, Temperature change. License: CC BY-NC-SA 3.0 IGO. Extracted from: https://www.fao.org/faostat/en/#data/ET. Accessed on 2023-03-28."
782,"Food and Agriculture Organization of the United Nations (FAO). 2022. FAOSTAT Climate Change, Climate Indicators, Temperature change. License: CC BY-NC-SA 3.0 IGO. Extracted from: https://www.fao.org/faostat/en/#data/ET. Accessed on 2023-03-28."
644,"Food and Agriculture Organization of the United Nations (FAO). 2022. FAOSTAT Climate Change, Climate Indicators, Temperature change. License: CC BY-NC-SA 3.0 IGO. Extracted from: https://www.fao.org/faostat/en/#data/ET. Accessed on 2023-03-28."
820,"Food and Agriculture Organization of the United Nations (FAO). 2022. FAOSTAT Climate Change, Climate Indicators, Temperature change. License: CC BY-NC-SA 3.0 IGO. Extracted from: https://www.fao.org/faostat/en/#data/ET. Accessed on 2023-03-28."
725,"Food and Agriculture Organization of the United Nations (FAO). 2022. FAOSTAT Climate Change, Climate Indicators, Temperature change. License: CC BY-NC-SA 3.0 IGO. Extracted from: https://www.fao.org/faostat/en/#data/ET. Accessed on 2023-03-28."
725,"Food and Agriculture Organization of the United Nations (FAO). 2022. FAOSTAT Climate Change, Climate Indicators, Temperature change. License: CC BY-NC-SA 3.0 IGO. Extracted from: https://www.fao.org/faostat/en/#data/ET. Accessed on 2023-03-28."
281,"Food and Agriculture Organization of the United Nations (FAO). 2022. FAOSTAT Climate Change, Climate Indicators, Temperature change. License: CC BY-NC-SA 3.0 IGO. Extracted from: https://www.fao.org/faostat/en/#data/ET. Accessed on 2023-03-28."
63,"Food and Agriculture Organization of the United Nations (FAO). 2022. FAOSTAT Climate Change, Climate Indicators, Temperature change. License: CC BY-NC-SA 3.0 IGO. Extracted from: https://www.fao.org/faostat/en/#data/ET. Accessed on 2023-03-28."
22,"Food and Agriculture Organization of the United Nations (FAO). 2022. FAOSTAT Climate Change, Climate Indicators, Temperature change. License: CC BY-NC-SA 3.0 IGO. Extracted from: https://www.fao.org/faostat/en/#data/ET. Accessed on 2023-03-28."
499,"Food and Agriculture Organization of the United Nations (FAO). 2022. FAOSTAT Climate Change, Climate Indicators, Temperature change. License: CC BY-NC-SA 3.0 IGO. Extracted from: https://www.fao.org/faostat/en/#data/ET. Accessed on 2023-03-28."
838,"Food and Agriculture Organization of the United Nations (FAO). 2022. FAOSTAT Climate Change, Climate Indicators, Temperature change. License: CC BY-NC-SA 3.0 IGO. Extracted from: https://www.fao.org/faostat/en/#data/ET. Accessed on 2023-03-28."
387,"Food and Agriculture Organization of the United Nations (FAO). 2022. FAOSTAT Climate Change, Climate Indicators, Temperature change. License: CC BY-NC-SA 3.0 IGO. Extracted from: https://www.fao.org/faostat/en/#data/ET. Accessed on 2023-03-28."
815,"Food and Agriculture Organization of the United Nations (FAO). 2022. FAOSTAT Climate Change, Climate Indicators, Temperature change. License: CC BY-NC-SA 3.0 IGO. Extracted from: https://www.fao.org/faostat/en/#data/ET. Accessed on 2023-03-28."
763,"Food and Agriculture Organization of the United Nations (FAO). 2022. FAOSTAT Climate Change, Climate Indicators, Temperature change. License: CC BY-NC-SA 3.0 IGO. Extracted from: https://www.fao.org/faostat/en/#data/ET. Accessed on 2023-03-28."
79,"Food and Agriculture Organization of the United Nations (FAO). 2022. FAOSTAT Climate Change, Climate Indicators, Temperature change. License: CC BY-NC-SA 3.0 IGO. Extracted from: https://www.fao.org/faostat/en/#data/ET. Accessed on 2023-03-28."
200,"Food and Agriculture Organization of the United Nations (FAO). 2022. FAOSTAT Climate Change, Climate Indicators, Temperature change. License: CC BY-NC-SA 3.0 IGO. Extracted from: https://www.fao.org/faostat/en/#data/ET. Accessed on 2023-03-28."
955,"Food and Agriculture Organization of the United Nations (FAO). 2022. FAOSTAT Climate Change, Climate Indicators, Temperature change. License: CC BY-NC-SA 3.0 IGO. Extracted from: https://www.fao.org/faostat/en/#data/ET. Accessed on 2023-03-28."
375,"Food and Agriculture Organization of the United Nations (FAO). 2022. FAOSTAT Climate Change, Climate Indicators, Temperature change. License: CC BY-NC-SA 3.0 IGO. Extracted from: https://www.fao.org/faostat/en/#data/ET. Accessed on 2023-03-28."
677,"Food and Agriculture Organization of the United Nations (FAO). 2022. FAOSTAT Climate Change, Climate Indicators, Temperature change. License: CC BY-NC-SA 3.0 IGO. Extracted from: https://www.fao.org/faostat/en/#data/ET. Accessed on 2023-03-28."
455,"Food and Agriculture Organization of the United Nations (FAO). 2022. FAOSTAT Climate Change, Climate Indicators, Temperature change. License: CC BY-NC-SA 3.0 IGO. Extracted from: https://www.fao.org/faostat/en/#data/ET. Accessed on 2023-03-28."
397,"Food and Agriculture Organization of the United Nations (FAO). 2022. FAOSTAT Climate Change, Climate Indicators, Temperature change. License: CC BY-NC-SA 3.0 IGO. Extracted from: https://www.fao.org/faostat/en/#data/ET. Accessed on 2023-03-28."
604,"Food and Agriculture Organization of the United Nations (FAO). 2022. FAOSTAT Climate Change, Climate Indicators, Temperature change. License: CC BY-NC-SA 3.0 IGO. Extracted from: https://www.fao.org/faostat/en/#data/ET. Accessed on 2023-03-28."
890,"Food and Agriculture Organization of the United Nations (FAO). 2022. FAOSTAT Climate Change, Climate Indicators, Temperature change. License: CC BY-NC-SA 3.0 IGO. Extracted from: https://www.fao.org/faostat/en/#data/ET. Accessed on 2023-03-28."
725,"Food and Agriculture Organization of the United Nations (FAO). 2022. FAOSTAT Climate Change, Climate Indicators, Temperature change. License: CC BY-NC-SA 3.0 IGO. Extracted from: https://www.fao.org/faostat/en/#data/ET. Accessed on 2023-03-28."
964,"Food and Agriculture Organization of the United Nations (FAO). 2022. FAOSTAT Climate Change, Climate Indicators, Temperature change. License: CC BY-NC-SA 3.0 IGO. Extracted from: https://www.fao.org/faostat/en/#data/ET. Accessed on 2023-03-28."
225,"Food and Agriculture Organization of the United Nations (FAO). 2022. FAOSTAT Climate Change, Climate Indicators, Temperature change. License: CC BY-NC-SA 3.0 IGO. Extracted from: https://www.fao.org/faostat/en/#data/ET. Accessed on 2023-03-28."
262,"Food and Agriculture Organization of the United Nations (FAO). 2022. FAOSTAT Climate Change, Climate Indicators, Temperature change. License: CC BY-NC-SA 3.0 IGO. Extracted from: https://www.fao.org/faostat/en/#data/ET. Accessed on 2023-03-28."
591,"Food and Agriculture Organization of the United Nations (FAO). 2022. FAOSTAT Climate Change, Climate Indicators, Temperature change. License: CC BY-NC-SA 3.0 IGO. Extracted from: https://www.fao.org/faostat/en/#data/ET. Accessed on 2023-03-28."
720,"Food and Agriculture Organization of the United Nations (FAO). 2022. FAOSTAT Climate Change, Climate Indicators, Temperature change. License: CC BY-NC-SA 3.0 IGO. Extracted from: https://www.fao.org/faostat/en/#data/ET. Accessed on 2023-03-28."
771,"Food and Agriculture Organization of the United Nations (FAO). 2022. FAOSTAT Climate Change, Climate Indicators, Temperature change. License: CC BY-NC-SA 3.0 IGO. Extracted from: https://www.fao.org/faostat/en/#data/ET. Accessed on 2023-03-28."
547,"Food and Agriculture Organization of the United Nations (FAO). 2022. FAOSTAT Climate Change, Climate Indicators, Temperature change. License: CC BY-NC-SA 3.0 IGO. Extracted from: https://www.fao.org/faostat/en/#data/ET. Accessed on 2023-03-28."
291,"Food and Agriculture Organization of the United Nations (FAO). 2022. FAOSTAT Climate Change, Climate Indicators, Temperature change. License: CC BY-NC-SA 3.0 IGO. Extracted from: https://www.fao.org/faostat/en/#data/ET. Accessed on 2023-03-28."
349,"Food and Agriculture Organization of the United Nations (FAO). 2022. FAOSTAT Climate Change, Climate Indicators, Temperature change. License: CC BY-NC-SA 3.0 IGO. Extracted from: https://www.fao.org/faostat/en/#data/ET. Accessed on 2023-03-28."
267,"Food and Agriculture Organization of the United Nations (FAO). 2022. FAOSTAT Climate Change, Climate Indicators, Temperature change. License: CC BY-NC-SA 3.0 IGO. Extracted from: https://www.fao.org/faostat/en/#data/ET. Accessed on 2023-03-28."
213,"Food and Agriculture Organization of the United Nations (FAO). 2022. FAOSTAT Climate Change, Climate Indicators, Temperature change. License: CC BY-NC-SA 3.0 IGO. Extracted from: https://www.fao.org/faostat/en/#data/ET. Accessed on 2023-03-28."
207,"Food and Agriculture Organization of the United Nations (FAO). 2022. FAOSTAT Climate Change, Climate Indicators, Temperature change. License: CC BY-NC-SA 3.0 IGO. Extracted from: https://www.fao.org/faostat/en/#data/ET. Accessed on 2023-03-28."
946,"Food and Agriculture Organization of the United Nations (FAO). 2022. FAOSTAT Climate Change, Climate Indicators, Temperature change. License: CC BY-NC-SA 3.0 IGO. Extracted from: https://www.fao.org/faostat/en/#data/ET. Accessed on 2023-03-28."
199,"Food and Agriculture Organization of the United Nations (FAO). 2022. FAOSTAT Climate Change, Climate Indicators, Temperature change. License: CC BY-NC-SA 3.0 IGO. Extracted from: https://www.fao.org/faostat/en/#data/ET. Accessed on 2023-03-28."
351,"Food and Agriculture Organization of the United Nations (FAO). 2022. FAOSTAT Climate Change, Climate Indicators, Temperature change. License: CC BY-NC-SA 3.0 IGO. Extracted from: https://www.fao.org/faostat/en/#data/ET. Accessed on 2023-03-28."
26,"Food and Agriculture Organization of the United Nations (FAO). 2022. FAOSTAT Climate Change, Climate Indicators, Temperature change. License: CC BY-NC-SA 3.0 IGO. Extracted from: https://www.fao.org/faostat/en/#data/ET. Accessed on 2023-03-28."
851,"Food and Agriculture Organization of the United Nations (FAO). 2022. FAOSTAT Climate Change, Climate Indicators, Temperature change. License: CC BY-NC-SA 3.0 IGO. Extracted from: https://www.fao.org/faostat/en/#data/ET. Accessed on 2023-03-28."
575,"Food and Agriculture Organization of the United Nations (FAO). 2022. FAOSTAT Climate Change, Climate Indicators, Temperature change. License: CC BY-NC-SA 3.0 IGO. Extracted from: https://www.fao.org/faostat/en/#data/ET. Accessed on 2023-03-28."
540,"Food and Agriculture Organization of the United Nations (FAO). 2022. FAOSTAT Climate Change, Climate Indicators, Temperature change. License: CC BY-NC-SA 3.0 IGO. Extracted from: https://www.fao.org/faostat/en/#data/ET. Accessed on 2023-03-28."
438,"Food and Agriculture Organization of the United Nations (FAO). 2022. FAOSTAT Climate Change, Climate Indicators, Temperature change. License: CC BY-NC-SA 3.0 IGO. Extracted from: https://www.fao.org/faostat/en/#data/ET. Accessed on 2023-03-28."
877,"Food and Agriculture Organization of the United Nations (FAO). 2022. FAOSTAT Climate Change, Climate Indicators, Temperature change. License: CC BY-NC-SA 3.0 IGO. Extracted from: https://www.fao.org/faostat/en/#data/ET. Accessed on 2023-03-28."
552,"Food and Agriculture Organization of the United Nations (FAO). 2022. FAOSTAT Climate Change, Climate Indicators, Temperature change. License: CC BY-NC-SA 3.0 IGO. Extracted from: https://www.fao.org/faostat/en/#data/ET. Accessed on 2023-03-28."
337,"Food and Agriculture Organization of the United Nations (FAO). 2022. FAOSTAT Climate Change, Climate Indicators, Temperature change. License: CC BY-NC-SA 3.0 IGO. Extracted from: https://www.fao.org/faostat/en/#data/ET. Accessed on 2023-03-28."
683,"Food and Agriculture Organization of the United Nations (FAO). 2022. FAOSTAT Climate Change, Climate Indicators, Temperature change. License: CC BY-NC-SA 3.0 IGO. Extracted from: https://www.fao.org/faostat/en/#data/ET. Accessed on 2023-03-28."
459,"Food and Agriculture Organization of the United Nations (FAO). 2022. FAOSTAT Climate Change, Climate Indicators, Temperature change. License: CC BY-NC-SA 3.0 IGO. Extracted from: https://www.fao.org/faostat/en/#data/ET. Accessed on 2023-03-28."
610,"Food and Agriculture Organization of the United Nations (FAO). 2022. FAOSTAT Climate Change, Climate Indicators, Temperature change. License: CC BY-NC-SA 3.0 IGO. Extracted from: https://www.fao.org/faostat/en/#data/ET. Accessed on 2023-03-28."
913,"Food and Agriculture Organization of the United Nations (FAO). 2022. FAOSTAT Climate Change, Climate Indicators, Temperature change. License: CC BY-NC-SA 3.0 IGO. Extracted from: https://www.fao.org/faostat/en/#data/ET. Accessed on 2023-03-28."
58,"Food and Agriculture Organization of the United Nations (FAO). 2022. FAOSTAT Climate Change, Climate Indicators, Temperature change. License: CC BY-NC-SA 3.0 IGO. Extracted from: https://www.fao.org/faostat/en/#data/ET. Accessed on 2023-03-28."
899,"Food and Agriculture Organization of the United Nations (FAO). 2022. FAOSTAT Climate Change, Climate Indicators, Temperature change. License: CC BY-NC-SA 3.0 IGO. Extracted from: https://www.fao.org/faostat/en/#data/ET. Accessed on 2023-03-28."
395,"Food and Agriculture Organization of the United Nations (FAO). 2022. FAOSTAT Climate Change, Climate Indicators, Temperature change. License: CC BY-NC-SA 3.0 IGO. Extracted from: https://www.fao.org/faostat/en/#data/ET. Accessed on 2023-03-28."
419,"Food and Agriculture Organization of the United Nations (FAO). 2022. FAOSTAT Climate Change, Climate Indicators, Temperature change. License: CC BY-NC-SA 3.0 IGO. Extracted from: https://www.fao.org/faostat/en/#data/ET. Accessed on 2023-03-28."
206,"Food and Agriculture Organization of the United Nations (FAO). 2022. FAOSTAT Climate Change, Climate Indicators, Temperature change. License: CC BY-NC-SA 3.0 IGO. Extracted from: https://www.fao.org/faostat/en/#data/ET. Accessed on 2023-03-28."
60,"Food and Agriculture Organization of the United Nations (FAO). 2022. FAOSTAT Climate Change, Climate Indicators, Temperature change. License: CC BY-NC-SA 3.0 IGO. Extracted from: https://www.fao.org/faostat/en/#data/ET. Accessed on 2023-03-28."
877,"Food and Agriculture Organization of the United Nations (FAO). 2022. FAOSTAT Climate Change, Climate Indicators, Temperature change. License: CC BY-NC-SA 3.0 IGO. Extracted from: https://www.fao.org/faostat/en/#data/ET. Accessed on 2023-03-28."
546,"Food and Agriculture Organization of the United Nations (FAO). 2022. FAOSTAT Climate Change, Climate Indicators, Temperature change. License: CC BY-NC-SA 3.0 IGO. Extracted from: https://www.fao.org/faostat/en/#data/ET. Accessed on 2023-03-28."
718,"Food and Agriculture Organization of the United Nations (FAO). 2022. FAOSTAT Climate Change, Climate Indicators, Temperature change. License: CC BY-NC-SA 3.0 IGO. Extracted from: https://www.fao.org/faostat/en/#data/ET. Accessed on 2023-03-28."
153,"Food and Agriculture Organization of the United Nations (FAO). 2022. FAOSTAT Climate Change, Climate Indicators, Temperature change. License: CC BY-NC-SA 3.0 IGO. Extracted from: https://www.fao.org/faostat/en/#data/ET. Accessed on 2023-03-28."
357,"Food and Agriculture Organization of the United Nations (FAO). 2022. FAOSTAT Climate Change, Climate Indicators, Temperature change. License: CC BY-NC-SA 3.0 IGO. Extracted from: https://www.fao.org/faostat/en/#data/ET. Accessed on 2023-03-28."
421,"Food and Agriculture Organization of the United Nations (FAO). 2022. FAOSTAT Climate Change, Climate Indicators, Temperature change. License: CC BY-NC-SA 3.0 IGO. Extracted from: https://www.fao.org/faostat/en/#data/ET. Accessed on 2023-03-28."
949,"Food and Agriculture Organization of the United Nations (FAO). 2022. FAOSTAT Climate Change, Climate Indicators, Temperature change. License: CC BY-NC-SA 3.0 IGO. Extracted from: https://www.fao.org/faostat/en/#data/ET. Accessed on 2023-03-28."
806,"Food and Agriculture Organization of the United Nations (FAO). 2022. FAOSTAT Climate Change, Climate Indicators, Temperature change. License: CC BY-NC-SA 3.0 IGO. Extracted from: https://www.fao.org/faostat/en/#data/ET. Accessed on 2023-03-28."
777,"Food and Agriculture Organization of the United Nations (FAO). 2022. FAOSTAT Climate Change, Climate Indicators, Temperature change. License: CC BY-NC-SA 3.0 IGO. Extracted from: https://www.fao.org/faostat/en/#data/ET. Accessed on 2023-03-28."
299,"Food and Agriculture Organization of the United Nations (FAO). 2022. FAOSTAT Climate Change, Climate Indicators, Temperature change. License: CC BY-NC-SA 3.0 IGO. Extracted from: https://www.fao.org/faostat/en/#data/ET. Accessed on 2023-03-28."
328,"Food and Agriculture Organization of the United Nations (FAO). 2022. FAOSTAT Climate Change, Climate Indicators, Temperature change. License: CC BY-NC-SA 3.0 IGO. Extracted from: https://www.fao.org/faostat/en/#data/ET. Accessed on 2023-03-28."
774,"Food and Agriculture Organization of the United Nations (FAO). 2022. FAOSTAT Climate Change, Climate Indicators, Temperature change. License: CC BY-NC-SA 3.0 IGO. Extracted from: https://www.fao.org/faostat/en/#data/ET. Accessed on 2023-03-28."
296,"Food and Agriculture Organization of the United Nations (FAO). 2022. FAOSTAT Climate Change, Climate Indicators, Temperature change. License: CC BY-NC-SA 3.0 IGO. Extracted from: https://www.fao.org/faostat/en/#data/ET. Accessed on 2023-03-28."
110,"Food and Agriculture Organization of the United Nations (FAO). 2022. FAOSTAT Climate Change, Climate Indicators, Temperature change. License: CC BY-NC-SA 3.0 IGO. Extracted from: https://www.fao.org/faostat/en/#data/ET. Accessed on 2023-03-28."
503,"Food and Agriculture Organization of the United Nations (FAO). 2022. FAOSTAT Climate Change, Climate Indicators, Temperature change. License: CC BY-NC-SA 3.0 IGO. Extracted from: https://www.fao.org/faostat/en/#data/ET. Accessed on 2023-03-28."
31,"Food and Agriculture Organization of the United Nations (FAO). 2022. FAOSTAT Climate Change, Climate Indicators, Temperature change. License: CC BY-NC-SA 3.0 IGO. Extracted from: https://www.fao.org/faostat/en/#data/ET. Accessed on 2023-03-28."
750,"Food and Agriculture Organization of the United Nations (FAO). 2022. FAOSTAT Climate Change, Climate Indicators, Temperature change. License: CC BY-NC-SA 3.0 IGO. Extracted from: https://www.fao.org/faostat/en/#data/ET. Accessed on 2023-03-28."
197,"Food and Agriculture Organization of the United Nations (FAO). 2022. FAOSTAT Climate Change, Climate Indicators, Temperature change. License: CC BY-NC-SA 3.0 IGO. Extracted from: https://www.fao.org/faostat/en/#data/ET. Accessed on 2023-03-28."
96,"Food and Agriculture Organization of the United Nations (FAO). 2022. FAOSTAT Climate Change, Climate Indicators, Temperature change. License: CC BY-NC-SA 3.0 IGO. Extracted from: https://www.fao.org/faostat/en/#data/ET. Accessed on 2023-03-28."
731,"Food and Agriculture Organization of the United Nations (FAO). 2022. FAOSTAT Climate Change, Climate Indicators, Temperature change. License: CC BY-NC-SA 3.0 IGO. Extracted from: https://www.fao.org/faostat/en/#data/ET. Accessed on 2023-03-28."
267,"Food and Agriculture Organization of the United Nations (FAO). 2022. FAOSTAT Climate Change, Climate Indicators, Temperature change. License: CC BY-NC-SA 3.0 IGO. Extracted from: https://www.fao.org/faostat/en/#data/ET. Accessed on 2023-03-28."
836,"Food and Agriculture Organization of the United Nations (FAO). 2022. FAOSTAT Climate Change, Climate Indicators, Temperature change. License: CC BY-NC-SA 3.0 IGO. Extracted from: https://www.fao.org/faostat/en/#data/ET. Accessed on 2023-03-28."
515,"Food and Agriculture Organization of the United Nations (FAO). 2022. FAOSTAT Climate Change, Climate Indicators, Temperature change. License: CC BY-NC-SA 3.0 IGO. Extracted from: https://www.fao.org/faostat/en/#data/ET. Accessed on 2023-03-28."
902,"Food and Agriculture Organization of the United Nations (FAO). 2022. FAOSTAT Climate Change, Climate Indicators, Temperature change. License: CC BY-NC-SA 3.0 IGO. Extracted from: https://www.fao.org/faostat/en/#data/ET. Accessed on 2023-03-28."
632,"Food and Agriculture Organization of the United Nations (FAO). 2022. FAOSTAT Climate Change, Climate Indicators, Temperature change. License: CC BY-NC-SA 3.0 IGO. Extracted from: https://www.fao.org/faostat/en/#data/ET. Accessed on 2023-03-28."
407,"Food and Agriculture Organization of the United Nations (FAO). 2022. FAOSTAT Climate Change, Climate Indicators, Temperature change. License: CC BY-NC-SA 3.0 IGO. Extracted from: https://www.fao.org/faostat/en/#data/ET. Accessed on 2023-03-28."
749,"Food and Agriculture Organization of the United Nations (FAO). 2022. FAOSTAT Climate Change, Climate Indicators, Temperature change. License: CC BY-NC-SA 3.0 IGO. Extracted from: https://www.fao.org/faostat/en/#data/ET. Accessed on 2023-03-28."
911,"Food and Agriculture Organization of the United Nations (FAO). 2022. FAOSTAT Climate Change, Climate Indicators, Temperature change. License: CC BY-NC-SA 3.0 IGO. Extracted from: https://www.fao.org/faostat/en/#data/ET. Accessed on 2023-03-28."
769,"Food and Agriculture Organization of the United Nations (FAO). 2022. FAOSTAT Climate Change, Climate Indicators, Temperature change. License: CC BY-NC-SA 3.0 IGO. Extracted from: https://www.fao.org/faostat/en/#data/ET. Accessed on 2023-03-28."
351,"Food and Agriculture Organization of the United Nations (FAO). 2022. FAOSTAT Climate Change, Climate Indicators, Temperature change. License: CC BY-NC-SA 3.0 IGO. Extracted from: https://www.fao.org/faostat/en/#data/ET. Accessed on 2023-03-28."
709,"Food and Agriculture Organization of the United Nations (FAO). 2022. FAOSTAT Climate Change, Climate Indicators, Temperature change. License: CC BY-NC-SA 3.0 IGO. Extracted from: https://www.fao.org/faostat/en/#data/ET. Accessed on 2023-03-28."
497,"Food and Agriculture Organization of the United Nations (FAO). 2022. FAOSTAT Climate Change, Climate Indicators, Temperature change. License: CC BY-NC-SA 3.0 IGO. Extracted from: https://www.fao.org/faostat/en/#data/ET. Accessed on 2023-03-28."
990,"Food and Agriculture Organization of the United Nations (FAO). 2022. FAOSTAT Climate Change, Climate Indicators, Temperature change. License: CC BY-NC-SA 3.0 IGO. Extracted from: https://www.fao.org/faostat/en/#data/ET. Accessed on 2023-03-28."
683,"Food and Agriculture Organization of the United Nations (FAO). 2022. FAOSTAT Climate Change, Climate Indicators, Temperature change. License: CC BY-NC-SA 3.0 IGO. Extracted from: https://www.fao.org/faostat/en/#data/ET. Accessed on 2023-03-28."
438,"Food and Agriculture Organization of the United Nations (FAO). 2022. FAOSTAT Climate Change, Climate Indicators, Temperature change. License: CC BY-NC-SA 3.0 IGO. Extracted from: https://www.fao.org/faostat/en/#data/ET. Accessed on 2023-03-28."
736,"Food and Agriculture Organization of the United Nations (FAO). 2022. FAOSTAT Climate Change, Climate Indicators, Temperature change. License: CC BY-NC-SA 3.0 IGO. Extracted from: https://www.fao.org/faostat/en/#data/ET. Accessed on 2023-03-28."
417,"Food and Agriculture Organization of the United Nations (FAO). 2022. FAOSTAT Climate Change, Climate Indicators, Temperature change. License: CC BY-NC-SA 3.0 IGO. Extracted from: https://www.fao.org/faostat/en/#data/ET. Accessed on 2023-03-28."
493,"Food and Agriculture Organization of the United Nations (FAO). 2022. FAOSTAT Climate Change, Climate Indicators, Temperature change. License: CC BY-NC-SA 3.0 IGO. Extracted from: https://www.fao.org/faostat/en/#data/ET. Accessed on 2023-03-28."
878,"Food and Agriculture Organization of the United Nations (FAO). 2022. FAOSTAT Climate Change, Climate Indicators, Temperature change. License: CC BY-NC-SA 3.0 IGO. Extracted from: https://www.fao.org/faostat/en/#data/ET. Accessed on 2023-03-28."
145,"Food and Agriculture Organization of the United Nations (FAO). 2022. FAOSTAT Climate Change, Climate Indicators, Temperature change. License: CC BY-NC-SA 3.0 IGO. Extracted from: https://www.fao.org/faostat/en/#data/ET. Accessed on 2023-03-28."
886,"Food and Agriculture Organization of the United Nations (FAO). 2022. FAOSTAT Climate Change, Climate Indicators, Temperature change. License: CC BY-NC-SA 3.0 IGO. Extracted from: https://www.fao.org/faostat/en/#data/ET. Accessed on 2023-03-28."
90,"Food and Agriculture Organization of the United Nations (FAO). 2022. FAOSTAT Climate Change, Climate Indicators, Temperature change. License: CC BY-NC-SA 3.0 IGO. Extracted from: https://www.fao.org/faostat/en/#data/ET. Accessed on 2023-03-28."
458,"Food and Agriculture Organization of the United Nations (FAO). 2022. FAOSTAT Climate Change, Climate Indicators, Temperature change. License: CC BY-NC-SA 3.0 IGO. Extracted from: https://www.fao.org/faostat/en/#data/ET. Accessed on 2023-03-28."
548,"Food and Agriculture Organization of the United Nations (FAO). 2022. FAOSTAT Climate Change, Climate Indicators, Temperature change. License: CC BY-NC-SA 3.0 IGO. Extracted from: https://www.fao.org/faostat/en/#data/ET. Accessed on 2023-03-28."
909,"Food and Agriculture Organization of the United Nations (FAO). 2022. FAOSTAT Climate Change, Climate Indicators, Temperature change. License: CC BY-NC-SA 3.0 IGO. Extracted from: https://www.fao.org/faostat/en/#data/ET. Accessed on 2023-03-28."
545,"Food and Agriculture Organization of the United Nations (FAO). 2022. FAOSTAT Climate Change, Climate Indicators, Temperature change. License: CC BY-NC-SA 3.0 IGO. Extracted from: https://www.fao.org/faostat/en/#data/ET. Accessed on 2023-03-28."
55,"Food and Agriculture Organization of the United Nations (FAO). 2022. FAOSTAT Climate Change, Climate Indicators, Temperature change. License: CC BY-NC-SA 3.0 IGO. Extracted from: https://www.fao.org/faostat/en/#data/ET. Accessed on 2023-03-28."
446,"Food and Agriculture Organization of the United Nations (FAO). 2022. FAOSTAT Climate Change, Climate Indicators, Temperature change. License: CC BY-NC-SA 3.0 IGO. Extracted from: https://www.fao.org/faostat/en/#data/ET. Accessed on 2023-03-28."
832,"Food and Agriculture Organization of the United Nations (FAO). 2022. FAOSTAT Climate Change, Climate Indicators, Temperature change. License: CC BY-NC-SA 3.0 IGO. Extracted from: https://www.fao.org/faostat/en/#data/ET. Accessed on 2023-03-28."
483,"Food and Agriculture Organization of the United Nations (FAO). 2022. FAOSTAT Climate Change, Climate Indicators, Temperature change. License: CC BY-NC-SA 3.0 IGO. Extracted from: https://www.fao.org/faostat/en/#data/ET. Accessed on 2023-03-28."
284,"Food and Agriculture Organization of the United Nations (FAO). 2022. FAOSTAT Climate Change, Climate Indicators, Temperature change. License: CC BY-NC-SA 3.0 IGO. Extracted from: https://www.fao.org/faostat/en/#data/ET. Accessed on 2023-03-28."
327,"Food and Agriculture Organization of the United Nations (FAO). 2022. FAOSTAT Climate Change, Climate Indicators, Temperature change. License: CC BY-NC-SA 3.0 IGO. Extracted from: https://www.fao.org/faostat/en/#data/ET. Accessed on 2023-03-28."
613,"Food and Agriculture Organization of the United Nations (FAO). 2022. FAOSTAT Climate Change, Climate Indicators, Temperature change. License: CC BY-NC-SA 3.0 IGO. Extracted from: https://www.fao.org/faostat/en/#data/ET. Accessed on 2023-03-28."
234,"Food and Agriculture Organization of the United Nations (FAO). 2022. FAOSTAT Climate Change, Climate Indicators, Temperature change. License: CC BY-NC-SA 3.0 IGO. Extracted from: https://www.fao.org/faostat/en/#data/ET. Accessed on 2023-03-28."
939,"Food and Agriculture Organization of the United Nations (FAO). 2022. FAOSTAT Climate Change, Climate Indicators, Temperature change. License: CC BY-NC-SA 3.0 IGO. Extracted from: https://www.fao.org/faostat/en/#data/ET. Accessed on 2023-03-28."
350,"Food and Agriculture Organization of the United Nations (FAO). 2022. FAOSTAT Climate Change, Climate Indicators, Temperature change. License: CC BY-NC-SA 3.0 IGO. Extracted from: https://www.fao.org/faostat/en/#data/ET. Accessed on 2023-03-28."
273,"Food and Agriculture Organization of the United Nations (FAO). 2022. FAOSTAT Climate Change, Climate Indicators, Temperature change. License: CC BY-NC-SA 3.0 IGO. Extracted from: https://www.fao.org/faostat/en/#data/ET. Accessed on 2023-03-28."
352,"Food and Agriculture Organization of the United Nations (FAO). 2022. FAOSTAT Climate Change, Climate Indicators, Temperature change. License: CC BY-NC-SA 3.0 IGO. Extracted from: https://www.fao.org/faostat/en/#data/ET. Accessed on 2023-03-28."
333,"Food and Agriculture Organization of the United Nations (FAO). 2022. FAOSTAT Climate Change, Climate Indicators, Temperature change. License: CC BY-NC-SA 3.0 IGO. Extracted from: https://www.fao.org/faostat/en/#data/ET. Accessed on 2023-03-28."
750,"Food and Agriculture Organization of the United Nations (FAO). 2022. FAOSTAT Climate Change, Climate Indicators, Temperature change. License: CC BY-NC-SA 3.0 IGO. Extracted from: https://www.fao.org/faostat/en/#data/ET. Accessed on 2023-03-28."
179,"Food and Agriculture Organization of the United Nations (FAO). 2022. FAOSTAT Climate Change, Climate Indicators, Temperature change. License: CC BY-NC-SA 3.0 IGO. Extracted from: https://www.fao.org/faostat/en/#data/ET. Accessed on 2023-03-28."
974,"Food and Agriculture Organization of the United Nations (FAO). 2022. FAOSTAT Climate Change, Climate Indicators, Temperature change. License: CC BY-NC-SA 3.0 IGO. Extracted from: https://www.fao.org/faostat/en/#data/ET. Accessed on 2023-03-28."
918,"Food and Agriculture Organization of the United Nations (FAO). 2022. FAOSTAT Climate Change, Climate Indicators, Temperature change. License: CC BY-NC-SA 3.0 IGO. Extracted from: https://www.fao.org/faostat/en/#data/ET. Accessed on 2023-03-28."
473,"Food and Agriculture Organization of the United Nations (FAO). 2022. FAOSTAT Climate Change, Climate Indicators, Temperature change. License: CC BY-NC-SA 3.0 IGO. Extracted from: https://www.fao.org/faostat/en/#data/ET. Accessed on 2023-03-28."
850,"Food and Agriculture Organization of the United Nations (FAO). 2022. FAOSTAT Climate Change, Climate Indicators, Temperature change. License: CC BY-NC-SA 3.0 IGO. Extracted from: https://www.fao.org/faostat/en/#data/ET. Accessed on 2023-03-28."
271,"Food and Agriculture Organization of the United Nations (FAO). 2022. FAOSTAT Climate Change, Climate Indicators, Temperature change. License: CC BY-NC-SA 3.0 IGO. Extracted from: https://www.fao.org/faostat/en/#data/ET. Accessed on 2023-03-28."
713,"Food and Agriculture Organization of the United Nations (FAO). 2022. FAOSTAT Climate Change, Climate Indicators, Temperature change. License: CC BY-NC-SA 3.0 IGO. Extracted from: https://www.fao.org/faostat/en/#data/ET. Accessed on 2023-03-28."
116,"Food and Agriculture Organization of the United Nations (FAO). 2022. FAOSTAT Climate Change, Climate Indicators, Temperature change. License: CC BY-NC-SA 3.0 IGO. Extracted from: https://www.fao.org/faostat/en/#data/ET. Accessed on 2023-03-28."
108,"Food and Agriculture Organization of the United Nations (FAO). 2022. FAOSTAT Climate Change, Climate Indicators, Temperature change. License: CC BY-NC-SA 3.0 IGO. Extracted from: https://www.fao.org/faostat/en/#data/ET. Accessed on 2023-03-28."
342,"Food and Agriculture Organization of the United Nations (FAO). 2022. FAOSTAT Climate Change, Climate Indicators, Temperature change. License: CC BY-NC-SA 3.0 IGO. Extracted from: https://www.fao.org/faostat/en/#data/ET. Accessed on 2023-03-28."
135,"Food and Agriculture Organization of the United Nations (FAO). 2022. FAOSTAT Climate Change, Climate Indicators, Temperature change. License: CC BY-NC-SA 3.0 IGO. Extracted from: https://www.fao.org/faostat/en/#data/ET. Accessed on 2023-03-28."
162,"Food and Agriculture Organization of the United Nations (FAO). 2022. FAOSTAT Climate Change, Climate Indicators, Temperature change. License: CC BY-NC-SA 3.0 IGO. Extracted from: https://www.fao.org/faostat/en/#data/ET. Accessed on 2023-03-28."
709,"Food and Agriculture Organization of the United Nations (FAO). 2022. FAOSTAT Climate Change, Climate Indicators, Temperature change. License: CC BY-NC-SA 3.0 IGO. Extracted from: https://www.fao.org/faostat/en/#data/ET. Accessed on 2023-03-28."
938,"Food and Agriculture Organization of the United Nations (FAO). 2022. FAOSTAT Climate Change, Climate Indicators, Temperature change. License: CC BY-NC-SA 3.0 IGO. Extracted from: https://www.fao.org/faostat/en/#data/ET. Accessed on 2023-03-28."
199,"Food and Agriculture Organization of the United Nations (FAO). 2022. FAOSTAT Climate Change, Climate Indicators, Temperature change. License: CC BY-NC-SA 3.0 IGO. Extracted from: https://www.fao.org/faostat/en/#data/ET. Accessed on 2023-03-28."
819,"Food and Agriculture Organization of the United Nations (FAO). 2022. FAOSTAT Climate Change, Climate Indicators, Temperature change. License: CC BY-NC-SA 3.0 IGO. Extracted from: https://www.fao.org/faostat/en/#data/ET. Accessed on 2023-03-28."
202,"Food and Agriculture Organization of the United Nations (FAO). 2022. FAOSTAT Climate Change, Climate Indicators, Temperature change. License: CC BY-NC-SA 3.0 IGO. Extracted from: https://www.fao.org/faostat/en/#data/ET. Accessed on 2023-03-28."
270,"Food and Agriculture Organization of the United Nations (FAO). 2022. FAOSTAT Climate Change, Climate Indicators, Temperature change. License: CC BY-NC-SA 3.0 IGO. Extracted from: https://www.fao.org/faostat/en/#data/ET. Accessed on 2023-03-28."
588,"Food and Agriculture Organization of the United Nations (FAO). 2022. FAOSTAT Climate Change, Climate Indicators, Temperature change. License: CC BY-NC-SA 3.0 IGO. Extracted from: https://www.fao.org/faostat/en/#data/ET. Accessed on 2023-03-28."
979,"Food and Agriculture Organization of the United Nations (FAO). 2022. FAOSTAT Climate Change, Climate Indicators, Temperature change. License: CC BY-NC-SA 3.0 IGO. Extracted from: https://www.fao.org/faostat/en/#data/ET. Accessed on 2023-03-28."
14,"Food and Agriculture Organization of the United Nations (FAO). 2022. FAOSTAT Climate Change, Climate Indicators, Temperature change. License: CC BY-NC-SA 3.0 IGO. Extracted from: https://www.fao.org/faostat/en/#data/ET. Accessed on 2023-03-28."
511,"Food and Agriculture Organization of the United Nations (FAO). 2022. FAOSTAT Climate Change, Climate Indicators, Temperature change. License: CC BY-NC-SA 3.0 IGO. Extracted from: https://www.fao.org/faostat/en/#data/ET. Accessed on 2023-03-28."
928,"Food and Agriculture Organization of the United Nations (FAO). 2022. FAOSTAT Climate Change, Climate Indicators, Temperature change. License: CC BY-NC-SA 3.0 IGO. Extracted from: https://www.fao.org/faostat/en/#data/ET. Accessed on 2023-03-28."
854,"Food and Agriculture Organization of the United Nations (FAO). 2022. FAOSTAT Climate Change, Climate Indicators, Temperature change. License: CC BY-NC-SA 3.0 IGO. Extracted from: https://www.fao.org/faostat/en/#data/ET. Accessed on 2023-03-28."
897,"Food and Agriculture Organization of the United Nations (FAO). 2022. FAOSTAT Climate Change, Climate Indicators, Temperature change. License: CC BY-NC-SA 3.0 IGO. Extracted from: https://www.fao.org/faostat/en/#data/ET. Accessed on 2023-03-28."
399,"Food and Agriculture Organization of the United Nations (FAO). 2022. FAOSTAT Climate Change, Climate Indicators, Temperature change. License: CC BY-NC-SA 3.0 IGO. Extracted from: https://www.fao.org/faostat/en/#data/ET. Accessed on 2023-03-28."
269,"Food and Agriculture Organization of the United Nations (FAO). 2022. FAOSTAT Climate Change, Climate Indicators, Temperature change. License: CC BY-NC-SA 3.0 IGO. Extracted from: https://www.fao.org/faostat/en/#data/ET. Accessed on 2023-03-28."
743,"Food and Agriculture Organization of the United Nations (FAO). 2022. FAOSTAT Climate Change, Climate Indicators, Temperature change. License: CC BY-NC-SA 3.0 IGO. Extracted from: https://www.fao.org/faostat/en/#data/ET. Accessed on 2023-03-28."
636,"Food and Agriculture Organization of the United Nations (FAO). 2022. FAOSTAT Climate Change, Climate Indicators, Temperature change. License: CC BY-NC-SA 3.0 IGO. Extracted from: https://www.fao.org/faostat/en/#data/ET. Accessed on 2023-03-28."
579,"Food and Agriculture Organization of the United Nations (FAO). 2022. FAOSTAT Climate Change, Climate Indicators, Temperature change. License: CC BY-NC-SA 3.0 IGO. Extracted from: https://www.fao.org/faostat/en/#data/ET. Accessed on 2023-03-28."
190,"Food and Agriculture Organization of the United Nations (FAO). 2022. FAOSTAT Climate Change, Climate Indicators, Temperature change. License: CC BY-NC-SA 3.0 IGO. Extracted from: https://www.fao.org/faostat/en/#data/ET. Accessed on 2023-03-28."
892,"Food and Agriculture Organization of the United Nations (FAO). 2022. FAOSTAT Climate Change, Climate Indicators, Temperature change. License: CC BY-NC-SA 3.0 IGO. Extracted from: https://www.fao.org/faostat/en/#data/ET. Accessed on 2023-03-28."
360,"Food and Agriculture Organization of the United Nations (FAO). 2022. FAOSTAT Climate Change, Climate Indicators, Temperature change. License: CC BY-NC-SA 3.0 IGO. Extracted from: https://www.fao.org/faostat/en/#data/ET. Accessed on 2023-03-28."
128,"Food and Agriculture Organization of the United Nations (FAO). 2022. FAOSTAT Climate Change, Climate Indicators, Temperature change. License: CC BY-NC-SA 3.0 IGO. Extracted from: https://www.fao.org/faostat/en/#data/ET. Accessed on 2023-03-28."
918,"Food and Agriculture Organization of the United Nations (FAO). 2022. FAOSTAT Climate Change, Climate Indicators, Temperature change. License: CC BY-NC-SA 3.0 IGO. Extracted from: https://www.fao.org/faostat/en/#data/ET. Accessed on 2023-03-28."
902,"Food and Agriculture Organization of the United Nations (FAO). 2022. FAOSTAT Climate Change, Climate Indicators, Temperature change. License: CC BY-NC-SA 3.0 IGO. Extracted from: https://www.fao.org/faostat/en/#data/ET. Accessed on 2023-03-28."
323,"Food and Agriculture Organization of the United Nations (FAO). 2022. FAOSTAT Climate Change, Climate Indicators, Temperature change. License: CC BY-NC-SA 3.0 IGO. Extracted from: https://www.fao.org/faostat/en/#data/ET. Accessed on 2023-03-28."
887,"Food and Agriculture Organization of the United Nations (FAO). 2022. FAOSTAT Climate Change, Climate Indicators, Temperature change. License: CC BY-NC-SA 3.0 IGO. Extracted from: https://www.fao.org/faostat/en/#data/ET. Accessed on 2023-03-28."
442,"Food and Agriculture Organization of the United Nations (FAO). 2022. FAOSTAT Climate Change, Climate Indicators, Temperature change. License: CC BY-NC-SA 3.0 IGO. Extracted from: https://www.fao.org/faostat/en/#data/ET. Accessed on 2023-03-28."
633,"Food and Agriculture Organization of the United Nations (FAO). 2022. FAOSTAT Climate Change, Climate Indicators, Temperature change. License: CC BY-NC-SA 3.0 IGO. Extracted from: https://www.fao.org/faostat/en/#data/ET. Accessed on 2023-03-28."
403,"Food and Agriculture Organization of the United Nations (FAO). 2022. FAOSTAT Climate Change, Climate Indicators, Temperature change. License: CC BY-NC-SA 3.0 IGO. Extracted from: https://www.fao.org/faostat/en/#data/ET. Accessed on 2023-03-28."
35,"Food and Agriculture Organization of the United Nations (FAO). 2022. FAOSTAT Climate Change, Climate Indicators, Temperature change. License: CC BY-NC-SA 3.0 IGO. Extracted from: https://www.fao.org/faostat/en/#data/ET. Accessed on 2023-03-28."
923,"Food and Agriculture Organization of the United Nations (FAO). 2022. FAOSTAT Climate Change, Climate Indicators, Temperature change. License: CC BY-NC-SA 3.0 IGO. Extracted from: https://www.fao.org/faostat/en/#data/ET. Accessed on 2023-03-28."
775,"Food and Agriculture Organization of the United Nations (FAO). 2022. FAOSTAT Climate Change, Climate Indicators, Temperature change. License: CC BY-NC-SA 3.0 IGO. Extracted from: https://www.fao.org/faostat/en/#data/ET. Accessed on 2023-03-28."
844,"Food and Agriculture Organization of the United Nations (FAO). 2022. FAOSTAT Climate Change, Climate Indicators, Temperature change. License: CC BY-NC-SA 3.0 IGO. Extracted from: https://www.fao.org/faostat/en/#data/ET. Accessed on 2023-03-28."
7,"Food and Agriculture Organization of the United Nations (FAO). 2022. FAOSTAT Climate Change, Climate Indicators, Temperature change. License: CC BY-NC-SA 3.0 IGO. Extracted from: https://www.fao.org/faostat/en/#data/ET. Accessed on 2023-03-28."
151,"Food and Agriculture Organization of the United Nations (FAO). 2022. FAOSTAT Climate Change, Climate Indicators, Temperature change. License: CC BY-NC-SA 3.0 IGO. Extracted from: https://www.fao.org/faostat/en/#data/ET. Accessed on 2023-03-28."
637,"Food and Agriculture Organization of the United Nations (FAO). 2022. FAOSTAT Climate Change, Climate Indicators, Temperature change. License: CC BY-NC-SA 3.0 IGO. Extracted from: https://www.fao.org/faostat/en/#data/ET. Accessed on 2023-03-28."
578,"Food and Agriculture Organization of the United Nations (FAO). 2022. FAOSTAT Climate Change, Climate Indicators, Temperature change. License: CC BY-NC-SA 3.0 IGO. Extracted from: https://www.fao.org/faostat/en/#data/ET. Accessed on 2023-03-28."
669,"Food and Agriculture Organization of the United Nations (FAO). 2022. FAOSTAT Climate Change, Climate Indicators, Temperature change. License: CC BY-NC-SA 3.0 IGO. Extracted from: https://www.fao.org/faostat/en/#data/ET. Accessed on 2023-03-28."
751,"Food and Agriculture Organization of the United Nations (FAO). 2022. FAOSTAT Climate Change, Climate Indicators, Temperature change. License: CC BY-NC-SA 3.0 IGO. Extracted from: https://www.fao.org/faostat/en/#data/ET. Accessed on 2023-03-28."
141,"Food and Agriculture Organization of the United Nations (FAO). 2022. FAOSTAT Climate Change, Climate Indicators, Temperature change. License: CC BY-NC-SA 3.0 IGO. Extracted from: https://www.fao.org/faostat/en/#data/ET. Accessed on 2023-03-28."
992,"Food and Agriculture Organization of the United Nations (FAO). 2022. FAOSTAT Climate Change, Climate Indicators, Temperature change. License: CC BY-NC-SA 3.0 IGO. Extracted from: https://www.fao.org/faostat/en/#data/ET. Accessed on 2023-03-28."
808,"Food and Agriculture Organization of the United Nations (FAO). 2022. FAOSTAT Climate Change, Climate Indicators, Temperature change. License: CC BY-NC-SA 3.0 IGO. Extracted from: https://www.fao.org/faostat/en/#data/ET. Accessed on 2023-03-28."
648,"Food and Agriculture Organization of the United Nations (FAO). 2022. FAOSTAT Climate Change, Climate Indicators, Temperature change. License: CC BY-NC-SA 3.0 IGO. Extracted from: https://www.fao.org/faostat/en/#data/ET. Accessed on 2023-03-28."
358,"Food and Agriculture Organization of the United Nations (FAO). 2022. FAOSTAT Climate Change, Climate Indicators, Temperature change. License: CC BY-NC-SA 3.0 IGO. Extracted from: https://www.fao.org/faostat/en/#data/ET. Accessed on 2023-03-28."
971,"Food and Agriculture Organization of the United Nations (FAO). 2022. FAOSTAT Climate Change, Climate Indicators, Temperature change. License: CC BY-NC-SA 3.0 IGO. Extracted from: https://www.fao.org/faostat/en/#data/ET. Accessed on 2023-03-28."
700,"Food and Agriculture Organization of the United Nations (FAO). 2022. FAOSTAT Climate Change, Climate Indicators, Temperature change. License: CC BY-NC-SA 3.0 IGO. Extracted from: https://www.fao.org/faostat/en/#data/ET. Accessed on 2023-03-28."
534,"Food and Agriculture Organization of the United Nations (FAO). 2022. FAOSTAT Climate Change, Climate Indicators, Temperature change. License: CC BY-NC-SA 3.0 IGO. Extracted from: https://www.fao.org/faostat/en/#data/ET. Accessed on 2023-03-28."
